{"metadata":{"asset_id":"fb89f29d-be2d-4bca-ad94-abce4bff1e3c","asset_attributes":["notebook"],"name":"Notebook","asset_type":"notebook","created_at":"2020-08-21T08:38:14Z","description":"","origin_country":"us","owner_id":"IBMid-5500014QB2","project_id":"baa4e1a1-06a7-4fe4-9232-b3a72175444b","size":207,"tags":["notebook"],"usage":{"last_update_time":1597999249267,"last_updated_at":"2020-08-21T08:40:49Z"}},"entity":{"notebook":{"kernel":{"name":"python3","display_name":"Python 3.6","language":"python"},"originates_from":{"type":"blank"},"runtime":{"environment":"conda2py36-baa4e1a1-06a7-4fe4-9232-b3a72175444b"}}},"attachments":[{"id":"e62f4b27-daca-44d1-9375-7dc6b04c3e14","version":2,"asset_type":"notebook","name":"attachment for notebook fb89f29d-be2d-4bca-ad94-abce4bff1e3c","description":"attachment for notebook fb89f29d-be2d-4bca-ad94-abce4bff1e3c","mime":"application/json","datasource_type":"193a97c1-4475-4a19-b90c-295c4fdc6517","object_key":"notebook/Notebook_pDiimMHLB.ipynb","creator_id":"IBMid-5500014QB2","create_time":1597999095317,"size":207,"is_remote":false,"is_managed":false,"is_referenced":true,"is_object_key_read_only":false,"is_user_provided_path_key":true,"transfer_complete":true,"is_partitioned":false,"complete_time_ticks":1597999095317,"user_data":{},"test_doc":0,"handle":{"bucket":"datasciencecapstone-donotdelete-pr-th57curuzpkhwq","location":"us-geo","key":"notebook/Notebook_pDiimMHLB.ipynb","upload_id":"done","max_part_num":1},"usage":{"access_count":0,"last_accessor_id":"IBMid-5500014QB2","last_access_time":1597999095317}}]}
